0x6b65f9aedec29b6d8be9e94cfb62172f232b7c7c,df43df23caec1798b0b95e56049fc03320d7e7eab008b1dede3d840911f2d48f
0xe9723491e0e032fe61ecf6e7931eac5b69b99657,cc84a81f84d9bbb53186279e7ab2182e82f534e254d39decdf3b0bd0f33af8df
0xc313a43cfd69b36295e5d8b780da0caf2daa2eff,7f3115e5a32cc2e43c1afeebe5445ddbc67c937b993cae0992fca2d29b2eef8c
0x2be925a797b37f8734b4d49062e784e2eb3afad9,1293c40e34cc2e5630bcf677c768fc462cb84936b5d0e557b12149b40cd64bb7
0x1dcb224a1e9c6d3604e3ef8ef7cd261646c93dce,5c6b4e86497e548d11f6f7860c63f7555595b8390a93daa3c16c4fa05cd28473
0xa8a472bc76ee0fa6b18a0bc34296298302a550ce,c128852f822875b2e8e6471eaac02fa95261cc63e212f80fa2f2ce9aa8c52273
0x62eb384c5996d05d3020a52b4c7209ec222bdce8,639af7544e5829730ead62a8ed09ca1eac9ab1f2b48a4e505c3c886c8d023f2a
0x0538d23b0159c41a0ee32256731b72963cec84a1,8033b9eebb4155d2dc657821830aef6f1373fba5bbf4f20b500d76acdcc02610
0xe861fdbce048eb46808eb08d5cd7bf529cde9907,f5b2c93465a1193ccf74173042c2df691dda8c4dcd1f1e3f4c942b84ac3e8567
0x2073a2231d31f91098da2bb45efb9fdc97290bc3,ea5695720bbed50bbfe42ba2adf38300b320ea9429ca1608da78bc4babd3d5bb
0x1e48f92a1b74555fa98dfe39d1026fb276174d57,5c4b12616208c8314c321e3d261a4122d2577ca92a419eedc677a1fa11b2b695
0xe06d20fe6a444d73b8c07ab01c5cb7a95ef691da,13aa198277b2a41b11591a7acbf00c073039f15a27e4715fc146abf18e0f4b5f
0x5bad89f19bb0e1c1b58435d5a1fa8413ab3db629,959d5ff62513d7cf06b687e8b6dddd630b0badb7429cdf59311bab41d06c51cf
0x7cfe57f62f0f4751837290a95d401043e5627933,df287b370e7c1e75db509ea5e3262476377755d3dc0260eba0af12ce6ab3c73c
0xf674cce1f32d6c0844f4b08c636f9facb232e38e,1c56e6920443ab57e464ab36e40c51439069fb81d362497d4589d24a8260d690
0x338c9758225d5ca60fc3ca2b4f03c79b91d59731,2465b73337288b290fa93887ec0a41dc6bc9642e8a69c3a92626d7159cec1482
0x51730c76bdafb5a1eca3c7e77311c5efe716180d,fc5dad89d10cf94764a7be36e7f72df5f61a66267c2547732de9a9079cfacef0
0xe282b3c4a7c1cf496d4b17b4bcc160864887a1dd,a4637d4aa86f9ca4a29de20a9e945e0e8b4f334959407095a2f83837ef7c4f9d
0x6fdac52f327a6010be944a271d11fff9214df39e,ffe1585b7f6a0dfb586b33bfce0cf3735da14298a53f38e49bdf93246e290e55
0x23e8621c3d43498327878cd1e4b621c2b3dfb457,e6f51f88478201560a3d756c6a07d630a598995fb7f73ad806ea9fef62b39afb
0x95ae76100650a749dc05b06192f4e70af0f1fd96,a95474df51211c9a8792b50ab1254f101314015961862c3f1b6d3d6087f95b65
0x34eb2a0aee85148d63949325e494a5ec63f9d27d,c6672225710add7ae8d7eb3147b6a0634fdea9de543848be37017ed2db3027d3
0xb8353a2dcabfdeeccde2b259a05fd30742caf6bf,f041f8836a759ce32be797ce035937f962227915399c218fa58fbbddb908306f
0x30e0f6767c020f203c857b10c6779ea1076f7c4c,71d0265ee0add980f0b8ae9948647d700cc50288c28471f87efa1e9009343b3b
0xcd0383f0cbc96b9be87d3ec4d039a0c7e1286e01,8e93a4f257e1147d0017711933ec9e4539bbb579e6d1870abe413cc6ab69b980
0x22351021994c18fb4063f6a8857a5d2735503451,362d6fa70cd6c71d90d731791e058884c203417cee3d0e0f32ba9b92420d3c56
0x9a4579199cfec749fa2e303065165bbd22600aa9,703ac66d0d8328ae8c2a080d9d8516bb7088f65dbe4ae08d74c3c1d14885158d
0x9691e7edb0a0efc6af7f4fdef1176e3a2ed0085e,97b6ab80ff6a167ca2390b1217a53025290daac8f67f1ea0cd21ad0d5762c4f5
0x70ba304f0b0385f59bc766b16332a735ffe4cee8,1ad386f5c85d8e80734a8084c29dc72a5a0dc482bb3aa7112d34237cb55619c3
0x398dbc9e4312ad699ba2788c0ed2a412d3413fc8,4d28178ad38c0e5f17663a018f0dcb7cfd402cf689def3aa3576262829010d64
