0x7eff122b94897ea5b0e2a9abf47b86337fafebdc,0ce9f0b80483fbae111ac7df48527d443594a902b00fc797856e35eb7b12b4be
0x283ed77f880d87dbde8721259f80517a38ae5b4f,f329b593cf31ee9b5cbd940f966473961acd8c09a3708565747e7004b6117834
0xb736deeba456120a706f19b92f77aeac56fd8fb1,2ab880ede97305a45dcdf7cf0ac8fe31133f7e30a9fb9e55e9fd9f85a6258521
0x38d7b32e7b5056b297baf1a1e950abbaa19ce949,2588cb6702d296c6f2db8eef7860426058bc646de8d3debc313ef9716e973d97
0xf616dd410161faa94737a88943cf582f95f0b630,1921567765af66367389d1dbbcfa173791623255bde6841040f1b36ea2da5fab
0xc156a70e4e3421c06f8b4780e03c97935a2564ed,b7271283e65b2e4a457b4641c01cd1c8ea7046a5ba3319b744b77ccf931907d6
0x51a063839e9f09fd41709782dbcb90e9192f01a0,6754e0c56cddc05a29e30ad6af7ee852bda627cdb1f98e9ec710ee98c97ee8ee
0xfed52a089b540f97b48451eebdfff4b6f9f3c2d6,713818b29dc78f3bbd4b54d2d4bfa2fb722c930f8b7e9c2679df03a50811169a
0x1b2eb9817d7c5f6309bd5865ea2cb0e88c886776,34355ea0515d2fae85165f39175ca72e38018fe70487cf6220602f844b266850
0x344715dfb40d6cac775d493eece7f1b7117fae8c,28746c8427858302f3d68d674122e4daa23ca49c541f8f63bdf00f02e62f1e77
